Model,Threshold Strategy,AUC,Accuracy,Precision,Recall,F1 Score,True Negatives,False Positives,False Negatives,True Positives,Missed Departures,False Alarms
Decision Tree,Recall-Optimized,0.7236626755103799,0.5884353741496599,0.25,0.7872340425531915,0.37948717948717947,136,111,10,37,10,111
Logistic Regression,Recall-Optimized,0.8081660780428979,0.7244897959183674,0.33962264150943394,0.7659574468085106,0.47058823529411764,177,70,11,36,11,70
Random Forest,Recall-Optimized,0.7581187010078387,0.6904761904761905,0.30357142857142855,0.723404255319149,0.4276729559748428,169,78,13,34,13,78
Neural Network,Recall-Optimized,0.7329658023946938,0.7142857142857143,0.32038834951456313,0.7021276595744681,0.44,177,70,14,33,14,70
XGBoost,Recall-Optimized,0.7164269101559135,0.5952380952380952,0.23134328358208955,0.6595744680851063,0.3425414364640884,144,103,16,31,16,103
